{
    "best_test_mse_A": 55192.2866897583,
    "best_test_bpp_B": 1.7976931348623157e+308
}